Modality,Code system,Code,Description
Stem cell transplant,CPT,38240,Allogeneic transplantation per donor
Stem cell transplant,CPT,38241,Autologous transplantation
Stem cell transplant,HCPCS,S2140,"Cord blood harvesting for transplantation, allogeneic"
Stem cell transplant,HCPCS,S2142,"Cord blood-derived stem-cell transplantation, allogeneic"
Stem cell transplant,HCPCS,S2150,"Bone marrow or blood-derived stem cells (peripheral or umbilical), allogeneic or autologous, harvesting, transplantation, and related complications; including: pheresis and cell preparation/storage; marrow ablative therapy; drugs, supplies, hospitalization with outpatient follow-up; medical/surgical, diagnostic, emergency, and rehabilitative services; and the number of days of pre-and post-transplant care in the global definition"
Stem cell transplant,ICD-10-PCS,30230C0,"Transfusion of Autologous Hematopoietic Stem/Progenitor Cells, Genetically Modified into Peripheral Vein, Open Approach"
Stem cell transplant,ICD-10-PCS,30230G0,"Transfusion of Autologous Bone Marrow into Peripheral Vein, Open Approach"
Stem cell transplant,ICD-10-PCS,30230X0,"Transfusion of Autologous Cord Blood Stem Cells into Peripheral Vein, Open Approach"
Stem cell transplant,ICD-10-PCS,30230Y0,"Transfusion of Autologous Hematopoietic Stem Cells into Peripheral Vein, Open Approach"
Stem cell transplant,ICD-10-PCS,30233C0,"Transfusion of Autologous Hematopoietic Stem/Progenitor Cells, Genetically Modified into Peripheral Vein, Percutaneous Approach"
Stem cell transplant,ICD-10-PCS,30233G0,"Transfusion of Autologous Bone Marrow into Peripheral Vein, Percutaneous Approach"
Stem cell transplant,ICD-10-PCS,30233X0,"Transfusion of Autologous Cord Blood Stem Cells into Peripheral Vein, Percutaneous Approach"
Stem cell transplant,ICD-10-PCS,30233Y0,"Transfusion of Autologous Hematopoietic Stem Cells into Peripheral Vein, Percutaneous Approach"
Stem cell transplant,ICD-10-PCS,30240C0,"Transfusion of Autologous Hematopoietic Stem/Progenitor Cells, Genetically Modified into Central Vein, Open Approach"
Stem cell transplant,ICD-10-PCS,30240G0,"Transfusion of Autologous Bone Marrow into Central Vein, Open Approach"
Stem cell transplant,ICD-10-PCS,30240X0,"Transfusion of Autologous Cord Blood Stem Cells into Central Vein, Open Approach"
Stem cell transplant,ICD-10-PCS,30240Y0,"Transfusion of Autologous Hematopoietic Stem Cells into Central Vein, Open Approach"
Stem cell transplant,ICD-10-PCS,30243C0,"Transfusion of Autologous Hematopoietic Stem/Progenitor Cells, Genetically Modified into Central Vein, Percutaneous Approach"
Stem cell transplant,ICD-10-PCS,30243G0,"Transfusion of Autologous Bone Marrow into Central Vein, Percutaneous Approach"
Stem cell transplant,ICD-10-PCS,30243X0,"Transfusion of Autologous Cord Blood Stem Cells into Central Vein, Percutaneous Approach"
Stem cell transplant,ICD-10-PCS,30243Y0,"Transfusion of Autologous Hematopoietic Stem Cells into Central Vein, Percutaneous Approach"
Stem cell transplant,ICD-10-PCS,30233G2,"Transfusion of Allogeneic Related Bone Marrow into Peripheral Vein, Percutaneous Approach"
Stem cell transplant,ICD-10-PCS,30233G3,"Transfusion of Allogeneic Unrelated Bone Marrow into Peripheral Vein, Percutaneous Approach"
Stem cell transplant,ICD-10-PCS,30233U2,"Transfusion of Allogeneic Related T-cell Depleted Hematopoietic Stem Cells into Peripheral Vein, Percutaneous Approach"
Stem cell transplant,ICD-10-PCS,30233U3,"Transfusion of Allogeneic Unrelated T-cell Depleted Hematopoietic Stem Cells into Peripheral Vein, Percutaneous Approach"
Stem cell transplant,ICD-10-PCS,30233X2,"Transfusion of Allogeneic Related Cord Blood Stem Cells into Peripheral Vein, Percutaneous Approach"
Stem cell transplant,ICD-10-PCS,30233X3,"Transfusion of Allogeneic Unrelated Cord Blood Stem Cells into Peripheral Vein, Percutaneous Approach"
Stem cell transplant,ICD-10-PCS,30233Y2,"Transfusion of Allogeneic Related Hematopoietic Stem Cells into Peripheral Vein, Percutaneous Approach"
Stem cell transplant,ICD-10-PCS,30233Y3,"Transfusion of Allogeneic Unrelated Hematopoietic Stem Cells into Peripheral Vein, Percutaneous Approach"
Stem cell transplant,ICD-10-PCS,30243G2,"Transfusion of Allogeneic Related Bone Marrow into Central Vein, Percutaneous Approach"
Stem cell transplant,ICD-10-PCS,30243G3,"Transfusion of Allogeneic Unrelated Bone Marrow into Central Vein, Percutaneous Approach"
Stem cell transplant,ICD-10-PCS,30243U2,"Transfusion of Allogeneic Related T-cell Depleted Hematopoietic Stem Cells into Central Vein, Percutaneous Approach"
Stem cell transplant,ICD-10-PCS,30243U3,"Transfusion of Allogeneic Unrelated T-cell Depleted Hematopoietic Stem Cells into Central Vein, Percutaneous Approach"
Stem cell transplant,ICD-10-PCS,30243X2,"Transfusion of Allogeneic Related Cord Blood Stem Cells into Central Vein, Percutaneous Approach"
Stem cell transplant,ICD-10-PCS,30243X3,"Transfusion of Allogeneic Unrelated Cord Blood Stem Cells into Central Vein, Percutaneous Approach"
Stem cell transplant,ICD-10-PCS,30243Y2,"Transfusion of Allogeneic Related Hematopoietic Stem Cells into Central Vein, Percutaneous Approach"
Stem cell transplant,ICD-10-PCS,30243Y3,"Transfusion of Allogeneic Unrelated Hematopoietic Stem Cells into Central Vein, Percutaneous Approach"
Stem cell transplant,ICD-10-PCS,XW133C8,"Transfusion of Omidubicel into Peripheral Vein, Percutaneous Approach, New Technology Group 8"
Stem cell transplant,ICD-10-PCS,XW143C8,"Transfusion of Omidubicel into Central Vein, Percutaneous Approach, New Technology Group 8"
Stem cell transplant,ICD-10-PCS,30230AZ,"Transfusion of Embryonic Stem Cells into Peripheral Vein, Open Approach"
Stem cell transplant,ICD-10-PCS,30233AZ,"Transfusion of Embryonic Stem Cells into Peripheral Vein, Percutaneous Approach"
Stem cell transplant,ICD-10-PCS,30240AZ,"Transfusion of Embryonic Stem Cells into Central Vein, Open Approach"
Stem cell transplant,ICD-10-PCS,30243AZ,"Transfusion of Embryonic Stem Cells into Central Vein, Percutaneous Approach"
Stem cell transplant,ICD-10-CM/PCS: DRG 018 [Chimeric Antigen Receptor (CAR) T-cell and Other Immunotherapies],XW033C7*,"Introduction of Autologous Engineered Chimeric Antigen Receptor T-cell Immunotherapy into Peripheral Vein, Percutaneous Approach, New Technology Group 7"
Stem cell transplant,ICD-10-CM/PCS: DRG 018 [Chimeric Antigen Receptor (CAR) T-cell and Other Immunotherapies],XW033G7*,"Introduction of Allogeneic Engineered Chimeric Antigen Receptor T-cell Immunotherapy into Peripheral Vein, Percutaneous Approach, New Technology Group 7"
Stem cell transplant,ICD-10-CM/PCS: DRG 018 [Chimeric Antigen Receptor (CAR) T-cell and Other Immunotherapies],XW033H7*,"Introduction of Axicabtagene Ciloleucel Immunotherapy into Peripheral Vein, Percutaneous Approach, New Technology Group 7"
Stem cell transplant,ICD-10-CM/PCS: DRG 018 [Chimeric Antigen Receptor (CAR) T-cell and Other Immunotherapies],XW033J7*,"Introduction of Tisagenlecleucel Immunotherapy into Peripheral Vein, Percutaneous Approach, New Technology Group 7"
Stem cell transplant,ICD-10-CM/PCS: DRG 018 [Chimeric Antigen Receptor (CAR) T-cell and Other Immunotherapies],XW033K7*,"Introduction of Idecabtagene Vicleucel Immunotherapy into Peripheral Vein, Percutaneous Approach, New Technology Group 7"
Stem cell transplant,ICD-10-CM/PCS: DRG 018 [Chimeric Antigen Receptor (CAR) T-cell and Other Immunotherapies],XW033L7*,"Introduction of Lifileucel Immunotherapy into Peripheral Vein, Percutaneous Approach, New Technology Group 7"
Stem cell transplant,ICD-10-CM/PCS: DRG 018 [Chimeric Antigen Receptor (CAR) T-cell and Other Immunotherapies],XW033M7*,"Introduction of Brexucabtagene Autoleucel Immunotherapy into Peripheral Vein, Percutaneous Approach, New Technology Group 7"
Stem cell transplant,ICD-10-CM/PCS: DRG 018 [Chimeric Antigen Receptor (CAR) T-cell and Other Immunotherapies],XW033N7*,"Introduction of Lisocabtagene Maraleucel Immunotherapy into Peripheral Vein, Percutaneous Approach, New Technology Group 7"
Stem cell transplant,ICD-10-CM/PCS: DRG 018 [Chimeric Antigen Receptor (CAR) T-cell and Other Immunotherapies],XW043C7*,"Introduction of Autologous Engineered Chimeric Antigen Receptor T-cell Immunotherapy into Central Vein, Percutaneous Approach, New Technology Group 7"
Stem cell transplant,ICD-10-CM/PCS: DRG 018 [Chimeric Antigen Receptor (CAR) T-cell and Other Immunotherapies],XW043G7*,"Introduction of Allogeneic Engineered Chimeric Antigen Receptor T-cell Immunotherapy into Central Vein, Percutaneous Approach, New Technology Group 7"
Stem cell transplant,ICD-10-CM/PCS: DRG 018 [Chimeric Antigen Receptor (CAR) T-cell and Other Immunotherapies],XW043H7*,"Introduction of Axicabtagene Ciloleucel Immunotherapy into Central Vein, Percutaneous Approach, New Technology Group 7"
Stem cell transplant,ICD-10-CM/PCS: DRG 018 [Chimeric Antigen Receptor (CAR) T-cell and Other Immunotherapies],XW043J7*,"Introduction of Tisagenlecleucel Immunotherapy into Central Vein, Percutaneous Approach, New Technology Group 7"
Stem cell transplant,ICD-10-CM/PCS: DRG 018 [Chimeric Antigen Receptor (CAR) T-cell and Other Immunotherapies],XW043K7*,"Introduction of Idecabtagene Vicleucel Immunotherapy into Central Vein, Percutaneous Approach, New Technology Group 7"
Stem cell transplant,ICD-10-CM/PCS: DRG 018 [Chimeric Antigen Receptor (CAR) T-cell and Other Immunotherapies],XW043L7*,"Introduction of Lifileucel Immunotherapy into Central Vein, Percutaneous Approach, New Technology Group 7"
Stem cell transplant,ICD-10-CM/PCS: DRG 018 [Chimeric Antigen Receptor (CAR) T-cell and Other Immunotherapies],XW043M7*,"Introduction of Brexucabtagene Autoleucel Immunotherapy into Central Vein, Percutaneous Approach, New Technology Group 7"
Stem cell transplant,ICD-10-CM/PCS: DRG 018 [Chimeric Antigen Receptor (CAR) T-cell and Other Immunotherapies],XW043N7*,"Introduction of Lisocabtagene Maraleucel Immunotherapy into Central Vein, Percutaneous Approach, New Technology Group 7"
Mammogram,CPT,77063,Bilateral screening mammogram with tomosynthesis
Mammogram,CPT,77067,Bilateral screening mammogram with tomosynthesis
Mammogram,CPT,77062,Bilateral diagnostic mammogram with tomosynthesis
Mammogram,CPT,77066,Bilateral diagnostic mammogram with tomosynthesis
Mammogram,CPT,77061,Left OR right diagnostic mammogram with tomosynthesis
Mammogram,CPT,77065,Left OR right diagnostic mammogram with tomosynthesis
Mammogram,CPT,G0279,Bilateral diagnostic mammogram with tomosynthesis
Mammogram,ICD-10-PCS,BH00ZZZ,Plain radiography of right breast
Mammogram,ICD-10-PCS,BH01ZZZ,Plain radiography of left breast
Mammogram,ICD-10-PCS,BH02ZZZ,Plain radiography of bilateral breasts
Breast MRI,CPT,77046,Unilateral without contrast
Breast MRI,CPT,77048,Bilateral without contrast
Breast MRI,CPT,77047,Unilateral without and with contrast
Breast MRI,CPT,77049,Bilateral breast MRI with and without contrast
Breast MRI,HCPCS,C8903,"MRI with contrast, breast; unilateral"
Breast MRI,HCPCS,C8905,"MRI without contrast followed by with contrast, breast; unilateral"
Breast MRI,HCPCS,C8906,"MRI with contrast, breast; bilateral"
Breast MRI,HCPCS,C8908,"MRI without contrast followed by with contrast, breast; bilateral"
Breast MRI,ICD-10-PCS,BH30ZZZ,MRI Right Breast no contrast
Breast MRI,ICD-10-PCS,BH31ZZZ,MRI Left Breast no contrast
Breast MRI,ICD-10-PCS,BH32ZZZ,MRI Bilateral Breast no contrast
Breast MRI,ICD-10-PCS,BH30Y0Z,MRI Right Breast with contrast
Breast MRI,ICD-10-PCS,BH31Y0Z,MRI Left Breast with contrast
Breast MRI,ICD-10-PCS,BH32Y0Z,MRI Bilateral Breast with contrast
Echocardiogram,CPT,93306,Echo that would be a complete TTE including real-time imaging and color Doppler
Echocardiogram,CPT,93307,"Echocardiography, transthoracic, real-time with image documentation (2D), includes M-mode recording, when performed, complete, without spectral or color Doppler echocardiography) includes all nine required structures without spectral and color doppler documented"
Echocardiogram,CPT,93308,"Echocardiography, transthoracic, real-time with image documentation (2D), includes M-mode recording, when performed, follow-up or limited study) is used when fewer than nine structures are documented"
Echocardiogram,CPT,93350,"Transthoracic echocardiography during rest and stress (exercise or pharmacologic), with interpretation and report. Used when the echo imaging is billed separately from the stress test."
Echocardiogram,CPT,93351,"Complete stress echocardiography (includes supervision, ECG monitoring, and imaging). Used when the same provider performs both the stress test and echo."
Echocardiogram,CPT,93352,Use of contrast agent during stress echocardiography (add-on code). Applied if an echocardiographic contrast agent is used to enhance imaging.
Echocardiogram,ICD-10-PCS,X2JAX47,"Inspection of Heart using Transthoracic Echocardiography, Computer-aided Guidance, New Technology Group 7"
Echocardiogram,ICD-10,Z13.6,Encounter for screening for cardiovascular disorders
Stress test,CPT,78451,"Myocardial perfusion imaging, single study (either rest or stress)."
Stress test,CPT,78452,"Myocardial perfusion imaging, multiple studies (rest and stress)."
Electrocardiogram,CPT,93000,"Electrocardiogram, routine ECG with at least 12 leads; with interpretation and report"
Electrocardiogram,CPT,93005,"Electrocardiogram, routine ECG with at least 12 leads; tracing only, without interpretation and report"
Electrocardiogram,CPT,93010,"Electrocardiogram, routine ECG with at least 12 leads; interpretation and report only"
Electrocardiogram,CPT,93015,"Complete cardiovascular stress test (includes supervision, ECG monitoring, interpretation, and report). This is the global code used when a single provider or entity performs all parts of the test."
Electrocardiogram,CPT,93016,Supervision only (no interpretation or report). Used when one physician supervises the test but does not provide the final interpretation.
Electrocardiogram,CPT,93017,"EKG tracing only (technical component, no interpretation). Typically used by the facility performing the test."
Electrocardiogram,CPT,93018,Interpretation and report only (physician reading the results). Used when a separate provider interprets the test results.
Electrocardiogram,CPT,93040,"Rhythm ECG, 1-3 leads; with interpretation and report"
Electrocardiogram,CPT,93041,"Rhythm ECG, 1-3 leads; tracing only without interpretation and report"
Electrocardiogram,CPT,93042,"Rhythm ECG, 1-3 leads; interpretation and report only"
Electrocardiogram,ICD-10,Z13.6 ,Encounter for screening for cardiovascular disorders
Multiple gated acquisition (MUGA),CPT,78472,"Cardiac blood pool imaging, gated equilibrium; planar, single study at rest or stress (exercise and/or pharmacologic), wall motion study plus ejection fraction, with or without additional quantitative processing"
Multiple gated acquisition (MUGA),CPT,78473,"Cardiac blood pool imaging, gated equilibrium; multiple studies, wall motion study plus ejection fraction, at rest and stress (exercise and/or pharmacologic), with or without additional quantification"
Multiple gated acquisition (MUGA),CPT,78481,"Cardiac blood pool imaging (planar), first pass technique; single study, at rest or with stress (exercise and/or pharmacologic), wall motion study plus ejection fraction, with or without quantification"
Multiple gated acquisition (MUGA),CPT,78483,"Cardiac blood pool imaging (planar), first pass technique; multiple studies, at rest and with stress (exercise and/or pharmacologic), wall motion study plus ejection fraction, with or without quantification"
Multiple gated acquisition (MUGA),CPT,78494,"Cardiac blood pool imaging, gated equilibrium, spect, at rest, wall motion study plus ejection fraction, with or without quantitative processing"
Multiple gated acquisition (MUGA),CPT,78496,"Cardiac blood pool imaging, gated equilibrium, single study, at rest, with right ventricular ejection fraction by first pass technique (list separately in addition to code for primary procedure)"
Multiple gated acquisition (MUGA),ICD-10-PCS,C21G1ZZ,Planar Nuclear Medicine Imaging of Myocardium using Technetium 99m (Tc-99m)
Multiple gated acquisition (MUGA),ICD-10-PCS,C22G1ZZ,Tomographic (SPECT) MUGA
Multiple gated acquisition (MUGA),ICD-10-PCS,C21G1ZZ,Planar (regular) MUGA
Pulmonary function test,CPT,94010,"Basic spirometry test, which measures how much air a patient can exhale in one breath."
Pulmonary function test,CPT,94011,"Prolonged spirometry test, which measures how much air a patient can exhale over a longer period of time."
Pulmonary function test,CPT,94012,"Spirometry test with a bronchodilator, which measures how much air a patient can exhale before and after using a medication that opens up the airways."
Pulmonary function test,CPT,94060,"Spirometry test with a pre- and post-bronchodilator, which measures how much air a patient can exhale before and after using a bronchodilator medication."
Pulmonary function test,CPT,94070,"Spirometry test with a bronchial challenge, which measures how the airways respond to a substance that may trigger asthma symptoms."
Pulmonary function test,CPT,94150,"Comprehensive respiratory assessment, which may include spirometry as well as other tests to evaluate lung function."
Pulmonary function test,CPT,94200,"Maximal voluntary ventilation (MVV) testing, which measures how much air a patient can inhale and exhale in one minute."
Pulmonary function test,CPT,94375,"Capnography test, which measures the amount of carbon dioxide a patient exhales."
Pulmonary function test,CPT,94726,"Lung volume measurement, which measures the amount of air in the lungs at different points in the breathing cycle."
Pulmonary function test,CPT,94727,"Gas diffusion testing, which measures how well oxygen and carbon dioxide move between the lungs and the blood."
Pulmonary function test,CPT,94729,DLCO testing
Pulmonary function test,ICD-10,Z13.83,Encounter for screening for respiratory disorder NEC
Thyroid stimulating hormone,CPT,84443,Thyroid-stimulating Hormone (TSH)
Thyroid stimulating hormone,HCPCS,224576,Thyroid-stimulating Hormone (TSH) and Free T4
Thyroid stimulating hormone,LOINC,11580-8,TSH
Thyroid stimulating hormone,LOINC,3024-7,"T4,Free(Direct)"
Complete blood count,CPT,85025,Blood count; complete CBC w/ automated differential WBC count
Complete blood count,CPT,85027,Blood count; complete CBC w/ automated count
Complete blood count,HCPCS,G0306,"Complete CBC, automated (HgB, HCT, RBC, WBC, without platelet count) and automated WBC differential count"
Complete blood count,HCPCS,G0307,"Complete (CBC), automated (HgB, HCT, RBC, WBC; without platelet count)"
Complete blood count,LOINC,58410-2,CBC panel - Blood by Automated count
Complete blood count,LOINC,57021-8,CBC W Auto Differential panel - Blood
Complete blood count,LOINC,57782-5,CBC W Ordered Manual Differential panel - Blood
Complete blood count,LOINC,57022-6,CBC W Reflex Manual Differential panel - Blood
Complete blood count,LOINC,24364-2,Obstetric 1996 panel - Serum and Blood
